"HolderAddress","Balance","PendingBalanceUpdate"
"0x00000000008bef34003b59bed4c4c0f6f1543928","1E-18","No"
"0x0000000000cf7d4accca7cf55584b50391a1479b","1E-18","No"
"0x0000000000dba7f30ba877d1d66e5324858b1278","1E-18","No"
"0x000000001ae96d8a9eb6de7e7066b155df6cc794","1E-18","No"
"0x000000001da7f984740663d5b8e5d77555d5046b","1E-18","No"
"0x000000003979edd62910ed0779224e785b4140f7","1E-18","No"
"0x00000000a119773b950a3b5a479c6924b7f8a8ed","1E-18","No"
"0x00000000e25a80101a83383023e8426f95ff88f3","1E-18","No"
"0x00000000e8080db3ed60313725643d38bec42071","1E-18","No"
"0x00000000f7b7d8a2974a129cbadd9f2f99c1ff80","1E-18","No"
"0x00003aaa9eb61250a2793d66200891ee8efdc959","1E-18","No"
"0x0000606ec42c2f4673b8a0e12c59451bfdcd8502","1E-18","No"
"0x000c22fb26cb241ddf2aa4b07a748786f95b2895","2.55969567704539","No"
"0x001ea8e5a58151621f24060a72fd2938f3ac86a0","1E-18","No"
"0x00c68556f2b1786263224d5aeef15f29d8c8d519","4.5117812627292","No"
"0x01481f092e876e42fa2ef407301e53f33c6aa3b7","0.0092818567450968","No"
"0x01619c7c897c74ae7eb8c11a574f2c7125b0023e","683.173451031509","No"
"0x01c51aa0ee555b8f6bb6358f9042ac6fb55c9780","0.0187310474687072","No"
"0x02ce25a5e095abe762f32e5b00245c23e2c32b6b","0.579334654179238","No"
"0x03bd77990f28a2393792fa111e553f4665121c88","1.382337668E-09","No"
"0x045eef3a61792bfcf1deab989ed00bf2b2ae8ed0","4.34210847881567","No"
"0x046c79a5347258bc78ce2528d0ececbe92797442","0.117018124913341","No"
"0x04e151e8990d300da625340592fdff30c3332081","101.140926428862","No"
"0x051a3190c9342211eb311723b23b8c7cbd7b5a5d","0.0287028075312489","No"
"0x054d45714f2e6809c4e7953c0ad8f9517af07c2f","0.140397369755316","No"
"0x05f9662de25082385c621792a11f4e03c77d2e0e","5.21398654344162","No"
"0x060c3f0c88b299ccf8c4a5241b246a0f0958644e","7.00613108730068","No"
"0x0626961543cd733e9dd434a276331f359bee8b70","0.249240496970616","No"
"0x062890e9c5382eddc6ad403f5aea5d36b1db1f16","2.5441420286033E-05","No"
"0x062cab8ab5271eac68c19814ed9c865d6a524a99","5.42461818115306","No"
"0x065850e4319dee396522a8eeea6f7f53aab9404d","3.45523039732427","No"
"0x065f0089f9c90ecdf9d35a37fc920ba97a227252","15.11329105711","No"
"0x066792dc3e019a6adb8e3012de0a50ec26985a82","0.039746598363407","No"
"0x073d7e30b52d33ce34c79a687f507e6cc3cccc55","0.0139026139131909","No"
"0x07f61c955598a20bdb79a75b36d72dbd6ebe517e","1.27959705286433","No"
"0x089005b5bb66b5d66a49fa527b9d5cdc0370d7f9","0.0269767151435864","No"
"0x08ac9c15aaf98563a4b19ddbd0153ff3516d65a8","0.0215950039151343","No"
"0x095b24cfda0c639b40e44f38b5897209cd14460f","0.0530147493788542","No"
"0x095bab97c4e58ae026a2be44dcc84fe35d1b519c","5.643108361805E-05","No"
"0x0995de005e7bddf21b5165a8734d20f1c68ca74e","0.0453520643739935","No"
"0x0a37fadf353b3775caa9f1382464e77478c3a825","0.101392918097534","No"
"0x0a6dc4fa65f7ab2558c3482321c438b1110e1746","5.00302131438008","No"
"0x0aff1ef54bc1da7a149ac31404021b96fe5da7f8","0.639223453857596","No"
"0x0b28a3051fa2a49ba020c60b2052f530d7d9d01e","1E-18","No"
"0x0be88c2c491c7d021ac9d74a0909e83700f81e13","2.60970753463452","No"
"0x0c14466009c658b3d52f2cc1b8394203fc8227ce","5.6986851401667E-05","No"
"0x0c6db3e75731759dd102e2960c610de3c3586cf9","1.6030396055683E-05","No"
"0x0cb3a478bdd077e9a43456099e787269fa753b32","0.0107156799266429","No"
"0x0cc3daac3951f82b9303ce931c51bb55c558c6f8","7.2022010482928E-05","No"
"0x0cf975f07cdfe9bf8fb3887b46d2928f0a4177df","0.0610080013288478","No"
"0x0cfb72949924a595b1e63c29fcc61dc192171317","3.176161016E-09","No"
"0x0d011067bf993c2358494cc771a68b5172f55924","0.907323695674747","No"
"0x0d2776c3ca0bc6c4227dc6b2bb866b5194b6c6b0","0.466025683802024","No"
"0x0d581ab57cb6ef29354cd9d97cc10797b57403ce","2.26416896700083","No"
"0x0d61ae5fc3c5f85e4249866c463e27ed10c05054","0.0214782000534172","No"
"0x0d63b3fbc4035b0e0b16aea31221f55e46ff03e5","19.4327409372851","No"
"0x0db08b2d2c0ce0e4dc1b48b23e0e2f6fffda6b93","1.03569497373472","No"
"0x0e121961dd741c9d49c9a04379da944a9d2fac7a","49","No"
"0x0ec43630adb4144b29589e70163558baeb6a6320","0.458167912021771","No"
"0x0eebe022679dbd2b5878c0e1b5b76db2655e2471","1","No"
"0x0f1a04848f9499e8afec25253f4e6c7eb22224cd","0.00632675884512584","No"
"0x105badbbd9fe1ea1039dcaf217b5537c7bd53c20","2","No"
"0x10c4151c828426da92714311b4db14262c9adabd","0.033266868047325","No"
"0x118ce2c3b56ad52df53a7bab65c3fc0d695e998f","0.60123175835681","No"
"0x119e4cef0573c9d329d8bc30555eca3278ba19b0","0.108954462757063","No"
"0x11b4032d8e1885c0b161e8357337bbab1f9023a1","0.187284873540482","No"
"0x11ededebf63bef0ea2d2d071bdf88f71543ec6fb","2.03138326383346","No"
"0x11f3ea875f8f323ad362735f1eba78c5a5bcb356","0.317398006920404","No"
"0x123f3b47a08e120eaec267fdffb9f5670f44525e","1.05369615519535","No"
"0x12f504065030c51f059cccb4c28dae60b2ab36f1","1.52198829327585","No"
"0x13099532a46adb1f7e1342d103ac84c3402f10b5","0.00198397749049105","No"
"0x133d0c962fca029ba4d7f47e12bc383f3df0d176","0.34128177075893","No"
"0x134a62b4332390311457c480ad8a3e0a7fd9aac6","8.975344253E-09","No"
"0x1361f80a9afc2f049c7b644f774fdd2ecbc6088b","0.636394578348295","No"
"0x13c5b18aedfe8cfedff129e212f5e06033f7c704","73.6304196414537","No"
"0x1417b3c3f7ebe0ee77eac29f4d2919af9c41ac63","0.00039601081142084","No"
"0x142c3a800b8edf9d6b5230fdc36c04411b044e9c","0.000411998758724797","No"
"0x149806d04deb237babecb6b2dec39a3520a8a557","1.39","No"
"0x155207704450c3a86fe72aef65af283c5365bc17","0.150823661738218","No"
"0x158634ed0d4dd02da960737d5d727170946dce00","3.8","No"
"0x159bc415caf9f6dee53352afecc04e64b180bd02","40","No"
"0x15d092c2fbe20a3a3c83efac60108d1e6a7f0ffb","20.5831266797809","No"
"0x15ed7df32ab770a75edb031184f3b2bca11a1cc1","8.948455102E-09","No"
"0x16376c79e9c75c0b735fae0112f31b6ae90b982f","0.00700550135211785","No"
"0x16c4ea0c1752fda7724b0334c9a2419e94f12eed","7.948478004E-09","No"
"0x16c9181eae8f357258a9daa82383b303a17bca6c","1.250255044E-09","No"
"0x16ca257aee573455def1f6ec5d0a0cbcc8f63975","2.25117273173919","No"
"0x16f2f73dc73deb29b8d9e6bd5f46f543acfd5cd6","0.202601072011462","No"
"0x171c1cf42c8e11589381f5e4846ffe4e2c7f6d95","3.848907947E-09","No"
"0x172f0200bf622ce8aebf8f2e3f32e9ac01564988","7.612124457E-09","No"
"0x17de2be230ded31de25bfe64a6ee8d3f9100d99b","0.647742137970559","No"
"0x184caa102bebe1a7b21e21a87526db1c51a344a1","30.6945801900928","No"
"0x18f3fc24652c35c9c7953187adbee7564c402604","1.87631222188605","No"
"0x196db332da2d203f593b610b592a0b5422f57abb","0.00132226926001143","No"
"0x19b075506bc3ebf77458ce859f1d0946bdc2bd42","3.251558557E-09","No"
"0x19fa48e3becc069be0ee84833849fbaf8f4f10e0","3.89015365482044","No"
"0x1a08b4d6497fa6d5970bd8f6c72bc5fbc8dd500e","0.0581078789951637","No"
"0x1b0a609b34e8e18b313c8b353909ed1a8143cb3f","3.77402782148648","No"
"0x1b60da9427cf1a4d13cd23f149e982c9ba636523","3.0781394718129E-05","No"
"0x1b6d5f2036ba7254e289ee6607aaed6025667508","0.251271042438296","No"
"0x1b98c3f29152f51de4b9191c46abcdc6964db663","0.00026928094862293","No"
"0x1bc1df7564a65267d719773032b9fda9a7c1406a","9.421151933E-09","No"
"0x1c0393f6ec86a96dd58fc31b1a2c7ffb3ce58463","0.117933442255101","No"
"0x1c30431538e7bc6def345c1f165d2013f99bc850","2.2212339304E-08","No"
"0x1c34e6683d3e3d3ab2cd16bd77ebc6b55c0a8cc9","10","No"
"0x1c9f0dff788e061c7b0fd3db7767f42d14a0171e","3","No"
"0x1ccfd38a7ca6e3946abed21bdfb2acd9dd77b33a","8.651346376E-09","No"
"0x1cfd3cfa38cc6486152f37e9b238719242a23a74","0.47850222360696","No"
"0x1d1b35475cdf57a0c0dc3e269d32f7a92a42d821","53.449","No"
"0x1dc61502f08308d2967d6fdfc2aae7ccb3929916","0.0892588982194975","No"
"0x1e178d9d4b8ef859b7ce7919318cea42600dd022","0.005","No"
"0x1e7cb00daf91274dbd84a05d8ec2cb52b6200562","0.1670432235157","No"
"0x1f352cc015cd9d29ef760a8fdc0d0d521bbf1544","2","No"
"0x1f39ed2d356f4f319ae2a1b0af3f2ac03b63c55d","15.493723992879","No"
"0x1f80c6e842afd84b3d08c187b5fd992d95103261","0.00118244940148372","No"
"0x206ac2c91ca47d0f6645b9e2f0ccfde275f9b28b","0.453712254305927","No"
"0x209708868956cf36435dad065a4a28836f9b7ebb","0.18715646089634","No"
"0x20a6f2a053e330ce13c6d514fe68f6288aae0df8","3.4315956292748","No"
"0x20b04937270ad2393570ea66317ada0b70402890","4.370967472222E-06","No"
"0x2100de93a4f0bbfa48234db05621a5595314a64f","0.0525034004659881","No"
"0x21a51a76fa1ee57e899af6b4de98e5f6b3d7e61d","19.1225995012234","No"
"0x21fb5edc11beda7cc1653d7c5394da98916ab800","0.0972038750484741","No"
"0x220d618e28c02487fefe1a60f434b4c506b8f68b","0.624731924685073","No"
"0x2253492e8d0db5723642828917578812f1195faf","0.092729689204953","No"
"0x229fb72f4de14cedcfba1f0c2a1a6057d0480399","0.196630940929696","No"
"0x2302af1d2bc428f013f7e4422c98e4233f3a3b1f","1.70490890708366","No"
"0x231e6b09a4249c9dde585d1d664bb95adc3fc6ae","2.69597891962366","No"
"0x2326effe88ffcc82e76f5e4fd230341643850d6e","11.0286189115076","No"
"0x2329019f14a93ac04912861155f35871ebc5fbc1","0.0556759544940966","No"
"0x23306837b4e65fd4ae1f3b5376de0b078d89a89a","50.6038556450369","No"
"0x234787a889ceec06c0ccffde84353d4dacba635f","13.9026264544304","No"
"0x2362c46e8c58e40cff086ed7ced031e032e8eb69","0.4","No"
"0x23b178f025ef3476dd25cad290a97a593fcdd26f","0.150446409789396","No"
"0x240f896698438dbb7c4ad9b7372c6ee1e765a488","0.000444349293131659","No"
"0x2582fcca7ec506822506db90bf3db61b7dd562d2","1.08667820540498","No"
"0x25ca7defc461ad0d3b34579e7a8579986ac22615","0.0255203612342731","No"
"0x25d1cbf24e549ccad81c2a5cab9e62c6be208920","11","No"
"0x25e4130b0e3084c20e31638e7ef8a8dd8cf6c24e","3.88518322071526","No"
"0x264660891b356186695efc567902329dc8813d9b","7","No"
"0x26c5376bcb8452b81bebddbc275e2a313a54a9ad","10.0098129704636","No"
"0x277bf1a335c97538f872ccd4025ea4d9f3cceb90","0.274718293539009","No"
"0x27ed5f5724a151eb8c0a04416d8b43fcf4e0796a","0.00186255630447915","No"
"0x27ef8248567e7a5381a2b272e17ca47b2bdb44c4","0.0198779952169024","No"
"0x284e4710e3fb36864a6dc024ad32a804aeea97ba","14.8123403262925","No"
"0x287abfaf4f808870d8c613ea0a5d0a33964abbe1","1.5404777597572","No"
"0x28b42ddd92c9524ddb2763a57a67b97b354aba0d","1E-18","No"
"0x28e87b4684dbadaff67dc41789e8d08c965a1a44","8.45420668749275","No"
"0x29d09631eb388889ec5f89a33182b6bbffe5553f","0.0603950452365941","No"
"0x2b27662659c90f80882ea04d4d6db5f28a155146","0.751612024460686","No"
"0x2bd0a3cc38f50909163bfe1e3269e63caad4d50f","0.00455656144596003","No"
"0x2c5d3445bf5a64521db550b061a733f30923f897","0.000297574371910926","No"
"0x2cd3bcd2c6915f3bdd6296af24802bcc2d8839b8","505.151306549836","No"
"0x2d10a17dbc822a04985a6194e68fa90a12b9eeca","0.0729","No"
"0x2d22436025b861cfa6f9a627ee13dbc246a35cb5","159.795225403548","No"
"0x2d42f75bac8e5ddb8469f828e370efe3a45955d0","0.0747967539497871","No"
"0x2d8d1acd3d320a09eb4fa0675d7b60d5ba57b648","5","No"
"0x2daa8de309a688c5e9084b4a227d75c1998a481d","0.660964914084986","No"
"0x2dc0172650dc445dad4bf0c8c2248d7a57e6fe30","502.7108","No"
"0x2dc103ce03307d6f33bdee8f0246d580f7711f8d","0.185429829566753","No"
"0x2dd59c250435947d9d92d7bfd77d5af59af12b5c","8.385143481353E-06","No"
"0x2e05cfe7daed6eacd7807f7eb4f79301da4af6aa","0.510350492623545","No"
"0x2e1d9b8056bb083c0aaf3f53af81b7fda8a570aa","44.9976440219233","No"
"0x2e55f5b1142e78fca29c7ed4937d94d507c5e0e8","0.104951805457637","No"
"0x2e632c06f33dcc23ca07a2f8d0756487bedbcd26","12.2795590921664","No"
"0x3073ac44aa1b95f2fe71bb2eb36b9ce27892f8ee","47.0956219779393","No"
"0x307b9570a666ff9567ce7907c58903135b319c6d","7.83388333336787","No"
"0x30da9add5a6c4480d79495fb195a50ae97eca4a6","49.8731864400552","No"
"0x30df383fe16e7ee33ac1caff8c6208d62c7e27d7","1.39248825121707","No"
"0x30e120fb4b9e1c527aafc9d94ee24add91de1489","0.777065012473319","No"
"0x314cd3a29117152cfd80f8f326378cfd2925d08d","0.561938480454204","No"
"0x3154aa673627d033c9fb7dc521552c97825bd1a1","0.00237463362859402","No"
"0x3229656608454b86cb686daa673ef458cf580f44","0.466812157268429","No"
"0x3238934316238ebbda1ffb229ec9a37bf66c5564","1.702122684E-09","No"
"0x324573a3d659eb0069262da78deef0c69ee63a1c","1.60841520471099","No"
"0x328142f5d2920b91a2fad947068387ca958850f3","0.0861276840460888","No"
"0x32f496085bf9c1506a72af7b35bed34556b5a683","2.03403261033235","No"
"0x33264b20058f55cb9f4afbe065db57b934a33f31","1","No"
"0x33c3d4ccdbd0c916db41a1d6058d537becfc0574","0.00797094286972779","No"
"0x3426d55cad718fa88bb3abf3b9119aac918e145d","15.4334361182568","No"
"0x347f7fc0446d2da75ea4c78a15356b4b31cdb1f8","500.060342983523","No"
"0x349adafb5c3efa5815a4ae975840be572a5992eb","0.640540286442146","No"
"0x34bbb3cf1d9e4e5037eb6e43c8d1e1e0642128af","0.184312761687106","No"
"0x34e4b322b649fcb272a1c9de6fae633d11917828","0.0455166336386018","No"
"0x3543f51b35bf8cadb083529f7d1c49f6340b1aa7","0.0747420732290007","No"
"0x355abf84e8b8a2b3cea5ebd94a7b3b0edc5dce58","4.02067505762803","No"
"0x35c68566b2a37ce12f23d0e4878d26d44908d3b9","1.02310613370255","No"
"0x3620ee10f4924bd4732d1b94b1a0a73b87892106","2.17818731997657","No"
"0x364c443deb9329297ac444f54b5388fdc54e293c","1.00614167429477","No"
"0x36cbaca39ae8807d4517941cf57bf03203174570","0.348217055971761","No"
"0x372d3a8b2ba0f5255112894770aa07852841018c","14.8130575630961","No"
"0x3873e5c44c044f9b7184bdc93e5dde759704793b","8","No"
"0x3899367978600f3dea8753c8cd896ddb557becf8","0.026690194399995","No"
"0x38c114372764649a11fe5a1d90ac50cf0af147b0","6.079888848495E-06","No"
"0x392019083ca88cdd5e1cfa3123d06e0fe611f9c2","5.15731836882062","No"
"0x3935895ee92f01214f595f42bbb88f69235464f6","142.998958651981","No"
"0x39773eb39b7370c0e3828bdc8822ab83d4197525","3.552649818E-09","No"
"0x39b946e35b3dc215455cc95b446edd8368928d10","10.7922900662361","No"
"0x39e8f80a2d9e9cea84982d8846a1cad7ea354632","25.8004532839354","No"
"0x3a0625ff622c7e9318c0ee22864b07fe35bb407a","0.161924976834043","No"
"0x3a78910aea444edaf4bd72cad941ce0f6b01d6b3","0.205592579766226","No"
"0x3b46032f46e577cff69159d0e3bf92a161b89322","0.0182881455349544","No"
"0x3b7364b384881f9963938aed4f88227ba153cb86","0.321440474690759","No"
"0x3bc3c8af8cfe3dfc9ba1a57c7c3b653e3f6d6951","0.00631118704926094","No"
"0x3bd3d2daeb419f5bcaad123fbdd6c220d05a9ad6","1.26129036322566","No"
"0x3bedb05476b3742d5bc0737cbc335c0a884d3320","6.5864122122169E-05","No"
"0x3c5d20cdfe9c3c0234e77e4cc353d592d440dcfe","0.523744904106065","No"
"0x3ccec3a2b70906606d91df1fb6b113cc298cb1cf","0.0372584883568272","No"
"0x3d4c79f30ec3cce0d91f63d31b6d88ba43446210","0.833488803206515","No"
"0x3d82124692929768f9e0a90ebd3a89a2cea00d78","0.02","No"
"0x3d92cdd9d75cb09e091998dfa27ea6d090beff78","1.11907655405199","No"
"0x3d9979626d07df08a649ea51a24556ddd1b7f51e","6.38088383855553","No"
"0x3ddd831419d96c7473289a73472b9497dd0de633","0.0123339712458515","No"
"0x3dfe474b5507b0dd1d0219baa4295bb4ae5bb324","68.1317954490299","No"
"0x3e49faed39e1f8f7147d33eef177b9fedff8b0d2","91.1204177247176","No"
"0x3e5027cc58da78901d052e9c898b0390673a2092","0.000632086799357105","No"
"0x3e576b5028b1e5ad86f53b65e208cfd150a1e488","0.004021332672705","No"
"0x3e703aa98f6b91fba8fcb526bc25036de1185f81","0.0186303605789241","No"
"0x3eb64fe0c79f9cafef192aa754a59dd46408a346","0.563015563526158","No"
"0x3f01b4980eb978e93a1f5d7a5dd07259b0f6dddc","0.769864498652014","No"
"0x3f26b06f7934f648b061d190bfbbfcc67fc24887","0.00175072090973282","No"
"0x3f9927bbd1ec2794b05bab06753723cf629c1902","0.013628407093545","No"
"0x3f9c7eb6c257c514b68e07e1176da8588aebbe32","1.49","No"
"0x3fe847f1c810d45d0d924bc3a9f5ebf3ab7a32a3","0.00281351340931999","No"
"0x4109b68f16f1c77049a765288963c486e34156f1","7.880915651E-09","No"
"0x41595a27b2c2191ce5cb5a4fb053dbd771fda76a","0.0115974068538395","No"
"0x415c604a4a1233533dc744d4814d6c8c4a1667a4","2.85990137785972","No"
"0x41659b40e02e17fac38681aa4a8f72e52158e8a8","4.6814636522496E-05","No"
"0x4247585c7f2bf54a399b0b214659ec78d26c6ca9","0.948397850149589","No"
"0x426e5cf7803f1aed2f9446c3fa3721954b98dc87","0.0281885426206394","No"
"0x43869c8ff399ec55565b9635fe33238ec6fe553b","4.13415157E-09","No"
"0x44d14de7e1931bc795a265a1e268b8a246d88753","0.0976454778339414","No"
"0x45974dba86c751f34d4b9dd33d9e949d05c4243e","1E-18","No"
"0x459ac5861336595aec03618f420f05853af072c8","5.5775778491803E-05","No"
"0x45bf40f206722a0cc2cbb4231569c8543f470367","0.224359477509151","No"
"0x46840887166676f06ac94efb2a4db9198d430eac","0.108809071030479","No"
"0x46bdb2d3253c9ba0decfcf0d280520a998f44f1a","6.7395801631987E-05","No"
"0x46f02bdd727ae5f8094640bf68cbc03d9930a87a","0.158675326311148","No"
"0x4786c6690904cbee4a6c2b5673bfa90be8abadab","6.2686191402975E-05","No"
"0x47c02961287b69e997b7a88d605e0b9a8d806e8b","7.638443623E-09","No"
"0x47d2d93ee9b9d65c31c9ee84e63570ba032754e5","4.39960144346997","No"
"0x4950fb52ec406da1d313f3104c8b57224e73ce0d","1.03590463617904","No"
"0x497d565b4885376e5c56e204e2fd1fbd6b765688","0.259126871305129","No"
"0x4a6fd939cab6c2093f9e9391c4a52f1a4e7f9602","2.9435363941287","No"
"0x4ab43ea2c6d21c922f67c100fab8b445504f2258","7.427361499E-09","No"
"0x4c35550a7b35634ae5086b2b8e02c6593cd7f57c","0.409401147438891","No"
"0x4ce103f041311654317e524e15c26f66073301d3","0.198884333122489","No"
"0x4ce745f50d0eecafcb67b6b7277fa7e43bdd785c","66.479475117192","No"
"0x4cf22f04b64018fb5a0783cf1f4e456a695a88be","0.00657623640935701","No"
"0x4d2489b798dd2dfc095a47a156fbef4e321dcab1","0.073148656612048","No"
"0x4d6ceb1b4fe3401999c3717c4fe2a1ccc0ea88d1","0.561930170872283","No"
"0x4d8c10d3d7a5958003730218b423733d92035069","1","No"
"0x4d8ff522aa6756048d58820d574090e67f70bb2f","1","No"
"0x4e2126b92dd3fc678f2ec2d2f2b6fc697a1ea27b","1E-18","No"
"0x4e289001e75ea05a4760cb7245542fd75561674a","2.02019015004762","No"
"0x4e3f6a8c923239f846da1c338f6e6b6152013ceb","0.00557844033492249","No"
"0x4e69b6f1b2552dc2f088f87d34e8d2643ca63bf0","0.0104238983718179","No"
"0x4e8f66c238d2f6848b71b275826ac89bf334f1f5","0.0336833344718669","No"
"0x4ec5e70484ed762d884b29729d33dc73e74a5927","121.067417505557","No"
"0x4ece346f9eb9197ca5af62d19137bad8baf5257f","0.0313833876129344","No"
"0x4f34402ff449dcc16d3549cb79c85b4a6891e781","6.789754772E-09","No"
"0x4f381fb46dfde2bc9dcae2d881705749b1ed6e1a","0.01","No"
"0x4f6963c54372793251bf056ed67f035f46778019","5.4774964687432E-05","No"
"0x4f7275e0821a90d6d0cedabe6db0d786e64d705a","13.4117862633425","No"
"0x4f958070d1bf375956a94ae9c48fe88b1178f49e","0.350756319402371","No"
"0x508c62fe5337da91e789cf0007499c28bda7bac5","14.3688081353899","No"
"0x50c491ffda25f9e472d467d60835468c522e7d3a","1.1931549813839E-05","No"
"0x515fddc0909b6ff5b50c480e0dfdee731a798e3b","4.28692568585943","No"
"0x525f96d3411b06309e3c797bf87b225d8a0e83e6","3.13987326177515","No"
"0x526a1b6efe1e115fd5ae265ef7d7764ca192218d","2.845952821E-09","No"
"0x527615590782c183d4156b4c420b1325431921f1","0.05","No"
"0x528836082e417d7b839e17a17964694266aa29a5","0.00524661742431318","No"
"0x52956d404d0417b4e0257c452cddee99fe57ab0f","6.3698711E-11","No"
"0x52c34872a9e1d22b4f54d3969f920c4bf1e06088","0.14","No"
"0x52dcd79471690a8829e9100c0c6266dd794ce915","513.881810968944","No"
"0x533f45775aed63b3a799d04ecff54c4b50b0a810","2.96577328198884","No"
"0x5393c489745ea69b8f64f45d7cb34a197bac5771","0.240565713140786","No"
"0x5473dcf7077b75062594d072d0384e2bdca29aa5","0.00731461107679298","No"
"0x5490254ebfbfce3f6b2eda10ca5ded2b194720cf","17.0979979459431","No"
"0x54f958bc225c037527cf5a59cdc8501a5d1b03dc","8.452311607E-09","No"
"0x55710aa3bb05b611fcf16d02e28cc35beb89bae7","9.811633825E-09","No"
"0x559b2f5d7c9ed1772f636e11538c5eda6dcdd9fe","0.0131001790878507","No"
"0x55bfaf9dcbc8f88ccd5de95aa5cde14491f7dc67","0.0798781247448997","No"
"0x5605acf8398d1dadcda8bec8aecabd08729bcd95","4.82758618E-10","No"
"0x563877b0509424182cb75d1250c062ccef36b425","150","No"
"0x56cb0ab28ac614965834908b53d2d1f78e5d104c","0.001","No"
"0x56de4e04a35562856f98189142a057c0a486ea8b","0.5","No"
"0x5742aaf6f0f7ef214b030d6eb486b52c4a8c2c66","1.06338537987673","No"
"0x576fefe769097a07646a9ed6a1d08059964b11b9","0.0712502699470914","No"
"0x57effde2759b68d86c544e88f7977e3314144859","10.027","No"
"0x580c57d0afc937f2b30614f89028192f9394b05b","0.000115431076737581","No"
"0x582e8a0a7b465134ce6972fed20e6ee9533ccce9","0.00403921970099318","No"
"0x587fac90d8177c20b74570d8155b0ebba02104f5","0.117895873117551","No"
"0x5920eec0d5c9486de9613315842f24ef86691259","0.0435252446232572","No"
"0x597fa8fc25a1d74f50d86c02e86accd225e8908a","1E-18","No"
"0x598ddb84ac460b53370c3ac261b09cb16766d07b","1E-18","No"
"0x5a474e923040e722eb412fb49a9d6ec58feb2463","4.02704048932438","No"
"0x5a791e32ec09b7020af63b2bae5c52ae4e7b0c67","0.389624645972326","No"
"0x5a82295a2b9d382b640bba8a4a364d8344f9199c","0.1","No"
"0x5af697d2b6b28ad4eea975e19952b93e8507f66b","0.0452500100640585","No"
"0x5c3b11b4faa13d367e2a4fab5152df60a3d0ee29","0.016090442721631","No"
"0x5c7a3671471d9505808de6e78ba1d3bd7c5c800a","159","No"
"0x5cb5adb12e50375de904f89ee7d3900cdc8a20b2","1.464252465685E-05","No"
"0x5ce908a6ffb393e9cb88dd8d6e8594a6a14a0b60","1E-18","No"
"0x5d2b778b264311fe01656867e848c2cdd48349d6","2.7642078486139E-05","No"
"0x5d69c42a3a481d0ccfd88cfa8a2a08e2bf456134","0.952591627767273","No"
"0x5d80e950cf754068b84bbea9e88caf1e084f17de","2.67379770844547","No"
"0x5d89ac353add1b3689241dfb561f003a8cd2a482","0.00740192399746433","No"
"0x5dd88a1733cac6565184bdd29da965dae5ce2fa4","0.213718890280015","No"
"0x5e0815883316c53126d2ca4a2f799c7f002d7f87","2.28258809788591","No"
"0x5e20fb63f3d33ddb2f9c71063f71f962496c567d","0.918421939245755","No"
"0x5ec298ed5c6a553a536b1971e7ed67df4eeb57f7","0.578135071894069","No"
"0x5f2329781d5af290b23923d9691fde3f37ef52fd","1.36499481681048","No"
"0x5f5ebf1a2697562ac070b25886bc411fe20d6645","0.0296283837079782","No"
"0x5f777ecc7b1ee01b94abbb4310949c1dea76fc39","3.68623608303389","No"
"0x602f2e623d1e7b09f3a9f73431c0a58154627ab8","0.0785592654085949","No"
"0x602fbda816e9c95b03c4aab11dcc572595ced21e","0.0393553387752353","No"
"0x605acbe2fba5b22d12bcad756683d6ad81e7ca59","56.5877495735725","No"
"0x607648493a195df3a61c5b9a19c2fc09a694c12c","0.00423020536470257","No"
"0x612673c99dfe640842e00fecd084980316463506","0.17","No"
"0x61a0982c6adce57f958c31c7a4c8f9dbacad7ae2","0.00564539648413143","No"
"0x61a195655172d901a62f31749d73c4ff5e4000b5","20.5539282355981","No"
"0x61b417d3e895de5e722e54033730393086d402c3","0.123228318038283","No"
"0x61c17d28717a7fd5a20a3b85d6d1ad55c0012971","0.000712332324606979","No"
"0x61d7ece32854caf46c6304fd536704eacd4da256","5.34327777997","No"
"0x6232d7a6085d0ab8f885292078eeb723064a376b","3.87347196550423","No"
"0x63b750ff2ef9e1085b25110fea0d1fade1873ea9","0.209761924082332","No"
"0x64be393f0e17e26247397e060083b029a76e9726","0.0136057774029648","No"
"0x64f99180a7ccbb677377c86036ad9d2de2707dee","5.399570993E-09","No"
"0x6529301c59289982beccbd7453cb6616e898e175","0.181922273425949","No"
"0x6598d8fc6732c578c89184cb31b1c93965b19141","6.19393460952826","No"
"0x65a8f07bd9a8598e1b5b6c0a88f4779dbc077675","189.246061468628","No"
"0x65d71c5f8b2422db5bbf1e322503df2033b3f68d","0.0657526902284757","No"
"0x66212a3405ae13a859529e0683a804999e0db231","0.370792593490872","No"
"0x667010403d5a8db364c05a3374e0b7d65490f089","258.628966911802","No"
"0x6717eeda128333aabae0aaba385b273b398152c7","1.50133106356994","No"
"0x67687a78e07a16b82d937d70f7f6158724ce8533","0.489507047147353","No"
"0x67dc5b0057d872d668ccc181a690f9515aa10189","11","No"
"0x67e6544e07b83a0c0a55342ef6a1e2df1a0bf265","1E-18","No"
"0x67f18f3784fed30652eb724cb1c174a72feb450b","5413.52332400429","No"
"0x68a651c9f8ea13b3fb08af8c3316212acaf171b2","0.176354205057175","No"
"0x693f452aba82c6c5fb2cec7b9a959a92760a9a9a","0.0215478057947172","No"
"0x6982586240e3a5e036f2cffe91eeee9c07b91696","5.3723787438282E-05","No"
"0x69a8b187f2db9f114a9ead023330b5a64a186756","1.05952518926155","No"
"0x69d440e4674225e5ac1bd3bdf970910247f7efa6","0.0350149918023712","No"
"0x69f8d754c5f4f73aad00f3c22eafb77aa57ff1bc","10.5722325752904","No"
"0x6a335b7316063ae7baa33b4dba913557f950e291","0.177344799463567","No"
"0x6b3cd6849e1f79236d717473d1e34351ce75c2e2","0.00166049204451811","No"
"0x6b6068035468618621703b5f82c5312eaffd2064","0.148060647098829","No"
"0x6baa0ebc80c2a9cf8cde1d8600aae9eb300b7218","0.0916416028835283","No"
"0x6bedef80e12b846baeff041ab6f8b03d15e3e5bc","1.62906110117941","No"
"0x6bf4f0caf309dd4be6da1fa22b0e6dbaa2f62242","0.232608649552154","No"
"0x6c3a63a669df9ea03c9618a191178dc680ae6d80","11.6544116060657","No"
"0x6c4ef79f13aa081b297b4bf0fdfaec3bb4bc7dbf","0.0057986135346626","No"
"0x6cf86b939e2908919f28de24b58131deed9e2c2c","6.513852614417E-06","No"
"0x6d417be2987ee2bc027a73d76d10e3be47457e9f","16.5598567025991","No"
"0x6e24dd16b7696f48804659ecfdffec768940d813","0.070069414454881","No"
"0x6e81d47b9158d2797afa211060af1a69d93f392a","4.2824823003871E-05","No"
"0x6e9f4de495bfed2f809c9bc567fd6e27b67ab6c7","0.00301819102896916","No"
"0x6ebe286ed21bbbecd0575f6a6ba368d0898ca568","1.993305041E-09","No"
"0x6ffcb932ab4faacd8a0b6fa7099eaa70f97a6539","7.667591981176E-06","No"
"0x707a3be6fdb8e8b09c7a9106db0b9c6030e8db0d","4.72141006780913","No"
"0x707e6134dee2d9a4373257ece8c5c04a0a7dca02","2.91453750621958","No"
"0x71aa3813ad3ff8085f5facd2eb42ce25d5dcff93","3.487578434E-09","No"
"0x722dbf14f5c1bd48c39c44b073fcbdc434b1dd76","0.107297304139559","No"
"0x725655fe414c2c2c0c6b432dafb64a60b22263c1","2.5","No"
"0x7264113fff9d2d5ef48bebfdcab30a1204d6135b","12.153986602321","No"
"0x737a7d222d0ef4a9aa4e1a4949e97e6b3bcfcd6a","0.0015346317504571","No"
"0x73ce4b49c6abf940e53663b4542eb9f19d0092b7","0.0160418903913941","No"
"0x7451f2499a59ec9e43dac9d8648e65d039da879a","0.66127125801065","No"
"0x74dd98cfe4d0f99a0163af1de07ee11950f2a913","3.20879685281222","No"
"0x75629c7a97ce4c06019f978223e21ef6e35fb00f","16.0935667058433","No"
"0x75914ece9c28f11e679c88e0d1698504c51dd7fd","0.000334809766185163","No"
"0x762fdc969b2e580aa5d879b495fd533f761e0ffa","2.423733037E-09","No"
"0x763ea2d66da8cb043721950a33b0054138060e04","1.12147203627375","No"
"0x76561b9532ef70ad64ea61df67e6c24ae6209bfe","0.0806311020780825","No"
"0x76c7000d3d55e4761728ee47f51e0e8edc109e78","0.700655080175021","No"
"0x76ed4db29f4a0ce6fbe959e35f1fb2ca450557fc","5.31372561385368","No"
"0x7737d3742ddc67f1443b40cbe6d401d649d3906a","0.01","No"
"0x777a6b5851c3f1c0daa5ea53c6b803bce75175d1","9.523860887E-09","No"
"0x778e098ae7c151356bcc50db19c30a44729eb274","1E-18","No"
"0x77ccd0b562f462a3e8cfd43ee47ae71019212a1c","0.0247759455141024","No"
"0x78343d9b213b27b97a6ca27b284e8a9e8a93faf2","8.9923115559138E-05","No"
"0x78ea56007869134bc90c5ecf4d5a651779d494ec","105.203957947984","No"
"0x78f9a5b610333a4590b80ea62faf71619d137678","0.060200532046962","No"
"0x78fc9f1554e316e9332a379dfce9cc1ae81c03ed","13.6811562517441","No"
"0x791ab3852c4dccd30bc29ee8e263c0369bad9102","9.12189874E-10","No"
"0x797aece429eaa3a703936cd6232b16ef4617aa42","1.6154694877097","No"
"0x7a2a694cc3485adcfd5a4a801856485a31158999","8.8775413125398E-05","No"
"0x7a5657eb91ce2b85260b600c61d34be10e608978","102.630961118866","No"
"0x7a9f0f3cfe97f8786ce80adba312cc4018c018ec","5.6891866765615E-05","No"
"0x7b177851351487a28582e20163054ddcfcc460ff","4","No"
"0x7bc81da62d453942a35667c594d10605fec933cd","0.608771848039896","No"
"0x7bf9bf1d56973641dccec3c6afda3b506c1bdfec","0.0248213515349682","No"
"0x7c6ae7626c53ae4d0e4f0d640bc2988784183384","6.85","No"
"0x7cec14a7ae2eb5fe8f83aa748bec5727ee724525","92.8434250840043","No"
"0x7d0d0e6c6b57a116429ab14d08303e8f71b452f4","5.653957693E-09","No"
"0x7d38b3b62282384f2d0142b6e2ccffbda0794583","0.323354861403607","No"
"0x7d9a70ca3ffdf52b5f4719db43fedc215c82a7d6","5","No"
"0x7ef7267330d555e1b31196cef5d5f6e1f04eff61","9.786264396E-09","No"
"0x7efe6498de1f648135b22e184d3f3be9712969a4","0.00789756236557089","No"
"0x7f0af2bdfccbfdb0704dcc155f4a9453d2097289","8.036879974359E-06","No"
"0x80c1adfb1192d781a03cae1ac84faecac5c91a8a","2.91037995265591","No"
"0x810def234d4e2f9e21d37833b98f4090862b45bb","0.923571339461858","No"
"0x81526c4e60d8a91036b8a251d71bd86666c1bf32","0.981241124721476","No"
"0x815b548c342cefb4b450bf6356a03d9ad5df5777","0.0655597856007022","No"
"0x81bc5cf5622c9f5a4cdc3fc795379fdb4d61a369","0.343134072669476","No"
"0x81e1eebd54631a1a6e4bca4f333126d74407bc2a","0.000379801528279136","No"
"0x81e6a203b7b8742884a4fe16aae8616eb4880539","1.73134636089874","No"
"0x8293a4b372f54911003a2c059e6a622e9e03a538","5.416163691E-09","No"
"0x8363cdfefae8fd50d30f520420c0be7dc6245ae7","0.0134852600360767","No"
"0x8373c7d8a63d72b84d182709cfa2955dba510f38","0.0670014605310851","No"
"0x8395719805c21d1706d2cd9e9c953f3e8cf9c306","0.310112059776112","No"
"0x83ba427f7a30d21ac89f934be2196119bb393172","41.3633772305289","No"
"0x842829c8ae36ac817b99f98245867c792357c227","1.008","No"
"0x8431e4cca7f824a475477e73670f1ac22c17dcc5","0.178543753563707","No"
"0x84f03636e323db1090b5750fc7ced8559c804ca4","1.49393076679001","No"
"0x8593acbfbea52cbd81ce2f3bc2e24ae820ae6752","0.041881844614025","No"
"0x862d8f919bb282b63301fdf775c403cd2a9fe9e8","0.23","No"
"0x8644f3757a869d9dc27adb272c2497df644e2bf0","0.0120671632029008","No"
"0x873f7b36c32251ec2879d44fab5b6b55c8f0f6db","5.45644E-13","No"
"0x880e14298dd46418806f7b5e12b92aa9873bb5d4","54.7662170093768","No"
"0x8860ba33913573ef24fda8a860c3727319b6d7a3","1.0049973154203","No"
"0x886d4cff37156ec68a26938698071e159b3d2d1a","1E-18","No"
"0x88842e0d7746742616e193455d55664d46c075d1","1.29646041701876","No"
"0x88dba2cf8911a80cc50a1b392b5ff6b47b930330","0.678096288361062","No"
"0x8976c3afdb2347ec350f35fe56e72a7339fa8322","0.161305791684053","No"
"0x8979627a87ff9280fc28451acb2f5ee53bf328e8","0.0369625135560267","No"
"0x89cdbca3d5530c3a7740a3eed7c0ce4ef7dc491e","2.20317E-13","No"
"0x89f14f9064b4fea39ac8e09713f0a301d587dff8","0.026834455478582","No"
"0x89f1d2818971fef272c4244af28e3e23b77ebea1","5.28331467E-10","No"
"0x8a6eeb9b64eeba8d3b4404bf67a7c262c555e25b","0.0210088895754978","No"
"0x8a7cc407a8aad0836c236a13963fdb083f4b101d","0.698496616962935","No"
"0x8b5ec0f5a618c960124ab8ea96ec21c2147bb142","0.191004535560111","No"
"0x8b7814e13010973c707e44a802df49739c24ec8b","501.157726271155","No"
"0x8b7e93a218f234da79a86372ac7b1b4e745c1c5b","0.0810081924446455","No"
"0x8c09201ddc240e104ea1f2eba1148be2621e399c","11.6717359531774","No"
"0x8c708a5530a1c987de8fa3852b28bf2222a909db","0.034141269081655","No"
"0x8cb9e49ac9955c8be4970b06e63ea7571d6d1736","5.66639836E-10","No"
"0x8cda68871ad593907fb155294f19e5900fd762e2","8.0378144922164E-05","No"
"0x8d112a80fffbfcb152830c1a71d072286b2da9a1","0.717494253215279","No"
"0x8d2f70cc046bfb2db04d182101338bdd54a97727","0.00152723360390783","No"
"0x8d4b024066623c0265823ac37ff84042b7ad2064","1.3764581081099E-05","No"
"0x8dc49ced6bdd229b6be8d35c59f803426814024a","0.344682258759771","No"
"0x8eada63a2f94de71f592d9527e154d6bedc1680c","0.0431494643505015","No"
"0x8ec0e17a990fb2b3fbebc4b52484a148673d144e","4.20232126061823","No"
"0x8f159548e2ba2aa3658c9669128d98718cef9a74","1.23626690601643","No"
"0x8fe0e5631db7931c6eb68de1dba62a4df90cd6f2","0.039697686519728","No"
"0x902c11bde31c57b9e2f40adcce4d0a36bd5f6236","0.613986174517656","No"
"0x906a7e5bfbfc99357dc38005b9e61f595bd0b7b2","0.486934909898434","No"
"0x91831208ef824bbb986996312f2f0d92cca7bb90","0.755337448024465","No"
"0x918f27614b2975aceef265f3b8b4d56f10b69968","10","No"
"0x91e9b882fc9dbed07cf2c86c479e4a6c23fd6699","0.061624737701621","No"
"0x923b6b7dab01c39a3d32bbba3625fe61e73bf428","0.00087324987918163","No"
"0x923c0bc1a01f64a8917164560815d0b48ba0f1d7","100.1","No"
"0x9314b347e6bde8754e04a137f8d7e61163379ce6","101.699288223899","No"
"0x93f26064b8ab94dcf1ce96349a09f86b7a8b4fb2","11.6369395813697","No"
"0x94e6fac23d4009df1b5189ad9c2a82d92c0b6ca0","0.0524793423680594","No"
"0x94fe58ef5f295f14bae93fb2af4fa2139201edf8","0.00924961709929759","No"
"0x951adc46f2a7a172b3b66c696cfdfe8aecd74694","0.047833796222817","No"
"0x952fd0a8deb46e5ecaf1ffee48f3c7a070907903","0.0519427069528815","No"
"0x954c4b50253944efbd528452edf6e25c4e9d259c","6.827371368E-09","No"
"0x95910efbf5fac0b7715121656c5b62a819540c3a","5.041897182E-09","No"
"0x95b4c8b246f04a9a297c6e83d16ab0a1c07ef8e8","0.141830688868915","No"
"0x95baae098e6786c2236a49de6ba91b5ef0a51cae","0.117611336533034","No"
"0x962a2880eb188ab4c2cfe9874247fcc60a243d13","10.7432048984424","No"
"0x96a52c69589eb6c60d7b2d6ef2ae46d9f360ad48","1.84022123171076","No"
"0x96a809668d60c879f66d17c3650a5c57c348f987","0.0105894631769503","No"
"0x96c195f6643a3d797cb90cb6ba0ae2776d51b5f3","0.0285517996374349","No"
"0x96cd7f165cab5648d97322aeb935c39feba5e8eb","2.03011348930136","No"
"0x976c28c641ee3ffe394c8d3f4b041c7ebfebdf3f","10","No"
"0x97b5337e8bfa948949eb53d32dabadc74562c4cc","7.364951189E-09","No"
"0x97d5f80fb108db707c0cd67de6f979e18342c056","0.824841404271634","No"
"0x97e261255b95ad980f597714ba28a11facb207f3","0.0660471253124708","No"
"0x97fb5f3a9fdddbdea7103078bc474d609cb4c737","24.9621775065079","No"
"0x98468c0e9342d4e0ac3e09257251fab192992092","3.54642063934583","No"
"0x992996c944b9af80d0bfcaed7c04c8cb27008509","2.974072136E-09","No"
"0x99b5449a4052d90e3d3aafb62637bcbd039b8f26","100","No"
"0x9a930c154dfb62b1dddf26d8c78bc93d5e6f1750","25.6693726275007","No"
"0x9b137e21ea63e4787b18d6cb1257021659a5b2d0","0.0323245981228138","No"
"0x9b5b5be0069037a023918706831e16fc1c58d56d","327.145417233942","No"
"0x9b8471160737db8979d6fc955db57133a84629e5","9.858642175E-09","No"
"0x9be0e28896ba3c294f12d003760bf3a31f41cab1","0.0205407806777867","No"
"0x9c0445d21371e6fcc9c8e44d9a3d29d4fdd0c719","9.8020293808689E-05","No"
"0x9c37d8631a39c021dd08469414440187ffd7a983","1.280155546887E-06","No"
"0x9c3fcfa2175a4c57ca7aed9a1f87e80fcf39b1ae","1.107814108E-09","No"
"0x9c856db0a072b27161a49154c7e0adaa47c43cad","12.8878965382519","No"
"0x9c920672e17bfaa675921b88a7cd26141c936464","0.646043104740925","No"
"0x9d15a4a930510f8c90f92d13d7da73009eb1243e","19.8051370370212","No"
"0x9d2af0cee59f76d3ed160443f65e54d456c93b87","8.80718662110762","No"
"0x9d2beea6625c1991c796c498b93842d9e09cb6d6","20.3562914498332","No"
"0x9d6f731ff560cbe4795aa3581a9a1ca8aab7ee47","41.1997497022524","No"
"0x9ed2c1ed0cd65045b3734a3e1f60f918cf32e296","251.094967357297","No"
"0x9ee3871c347533d6870a6e7203890d12283760e5","1.00269418329343","No"
"0x9ef50ba740f5b23cbab5b03d7dcd70219f6920bc","1.09952729921642","No"
"0x9f32df2f013bcad13c6c3bd9237792a1d088afca","0.000130886675021006","No"
"0x9f572f71a72702fb25d5485d83beead97016bc97","7.592539326E-09","No"
"0x9f93530a539dbeae77d7ffb0c2c98112dc39c4da","2.78471665658992","No"
"0x9fcb35710dba03aac96058fba8e98e96baba9588","1.6339830862691E-05","No"
"0xa011c93882aee18ed45367aa0ae4d87026d8d18f","57.4923008089962","No"
"0xa0ca517ec0254e8c6a83227dbbbdd0572b1bba8d","2","No"
"0xa105562bf657bb184c6c2524398eb596e9fb0262","2.33346622516578","No"
"0xa12dcfb3c2712f1b01d147e0ad841ebf91545c64","5.84227210192005","No"
"0xa2306f31dfa92759c48750628d37ba6d546cb683","0.287122125870609","No"
"0xa274f4bb88a0bc689049a02b3738e6584fa4ac9c","0.00472631079021522","No"
"0xa33284bf0837aaf85f5f41322129482362ee6121","2.66357662457724","No"
"0xa36c7e3c64a18b7d1ab5f23ce32add80aef577bf","2.47846374293608","No"
"0xa376dbf6173efe064131ad6cc75db2f1bad2fc8e","0.0173887590068856","No"
"0xa4076ee1f379854124a87389443b74d1d3662630","4.5542319854701E-05","No"
"0xa4a0f6a66621c3f82fff92515e5bc4fe0297bcac","5.165602546E-09","No"
"0xa4d2116dce69d1a46de73fd74c7274f1a56d38a9","3.01732467036739","No"
"0xa4e3d1be71e1ff77ec9eecffa4254631c06b4fc4","2.592393318E-09","No"
"0xa5b7c2361ac75b4ee14bced70b50046cbda05c66","0.241096467702249","No"
"0xa60385ba34e34e7899ceb3e61b367405501d958d","0.0992131729386701","No"
"0xa61aa80aeefdf398906012585839cde459677b09","110.882330879138","No"
"0xa6aa00d67f170c915feb57fcd49cc1c55432f008","0.0454630241443657","No"
"0xa7195c71aa20481fa0c093e51323f8a4d3a2f5d2","0.011282628175596","No"
"0xa71e3026c907f9e8396c048f9cda62bdbc0a526f","608.965045855627","No"
"0xa7423a8100918ec30c64c53fd7351165e350452b","1.65607663561426","No"
"0xa787f09349999a61434cfb75118c6a9d0cac9406","116.185248598335","No"
"0xa78d2c69b34cab96cace31967afe52013dfcb604","0.0137173067040226","No"
"0xa7dc2d6cf7981bbe10a38b6c96ed2c714345237b","0.0246069504172721","No"
"0xa81ebbf718f5848146d10831a57772ec10416f60","1E-18","No"
"0xa8665c5db90756183be90c630b1cf70a9b352453","1.89838414E-09","No"
"0xa8a0f26f537a75e29e42301358eec413da1c4967","0.26725537445822","No"
"0xa8d324814265bc66e96ddd31bc6f61b6cd85e9aa","2.40006440528041","No"
"0xa8fc375d285392667894d3f800e05a07c1fcc407","0.00058429677534577","No"
"0xa9059b5722fa1763a1834a6c571408fdabe9852d","4.3485024719197E-05","No"
"0xa95878ae16923a232445bf7d3290b4a075b8e6a8","5.742788539E-09","No"
"0xa99a67fb3218aaf2773091a043b316857efb1235","1","No"
"0xaa06366b91d7533044bd5dcdc4bceab090c6b483","0.00812386922886306","No"
"0xaa3171af5a69751a272780040fed616a2a89e7b5","0.0435981405195915","No"
"0xaaaa14624043d4afc716747af62e8027df31b21d","1.375582E-12","No"
"0xaacfe3e97113fee37b420aef4f1d96e8fcbbb1b5","0.0818037265900566","No"
"0xabdbd963b429c49b93499b8a9e0164e90eb6e5cf","0.311520216723475","No"
"0xacaff88886a6d028a634631906f7c5265d602906","0.00147139854901226","No"
"0xaccc07936c70c86ea6338652013a9cb9f41423da","100.1","No"
"0xae3b2f85ca869bedf9b69cb6b41c0552db9b7711","1.01483333874333","No"
"0xae662ca521bef7757b246c02e4f95849ce8d4660","3.937261168E-09","No"
"0xae700146a489ac24307f840d1ac73f1e259979d3","8.742233770617E-05","No"
"0xaeae289eecaf50e5f14d2b49f57ff6fe9efee135","0.00178482698461217","No"
"0xaeded4008be89bfdccc336993d3d8f59bf4f621d","1E-18","No"
"0xaedf3c2ca4d3d1a9dd2a6159b3d37e7ca7c3970f","5E-18","No"
"0xb01a9a7ef5779fa8680898827cc2b1aed638ee2d","0.00204514603750654","No"
"0xb0346a9e750321e0446df758be128d63fc3a859b","1.27544983084094","No"
"0xb069e40a41427d06ff6af6040bf7466a2ee105d1","0.120280656220051","No"
"0xb09cfb3b719e7b4153720771f724ad5a7241d27d","3.0621627809609E-05","No"
"0xb0ec7c4099ade639af3cfa32777070ab19cf0a4a","1.0144102840275","No"
"0xb0f1ba19b4d58e73468bd5c1483cd25af70f3b32","8.7802867161548E-05","No"
"0xb1ac9db0d6a1ec291f427ad03fc3b632e1e93a56","10.0003794963639","No"
"0xb1c6c7e2b97e88b16fd5c1a328eae903b7350855","0.00515044470199161","No"
"0xb21dbf330e4837193e6a84371526aba10c02a1a3","5.147791241E-09","No"
"0xb26c83ca2d596671589992f08155c2ba3cbf89c1","3.6369426399269E-05","No"
"0xb27226ce5f123f91514ae3955e5cfeb7b9754981","64.8756771480754","No"
"0xb28a6549bf1741fd2a355997bb8b1901178a7f48","6.1818382724E-08","No"
"0xb28b7980b2b3030e0905c603cffe597b0426fc26","0.007642134764225","No"
"0xb2b9b452cafc1efb92c4966cfa7169aac4c02bf1","0.0774193945956068","No"
"0xb2db153bd7e7efa86592c45d751c8abef5db1e51","1.51112811520959","No"
"0xb2e356a44e641193329b6a72390244a513a595f2","0.0359398634142502","No"
"0xb34e7fb6ee8d42c6093b239fda0432365c81fa4b","0.0239290177729582","No"
"0xb3685237b40459ff257676094c659c1037829530","0.0174035176608909","No"
"0xb3f141c1f247f5f51c617fdd1c930b848ac1c775","1E-18","No"
"0xb3f442f4bab40ed3377f9e9c9abc19de1e96c8d7","7.284382149035E-06","No"
"0xb4536504267e752104a22bbfdd9b8b2d5d05d5a3","7.97694018319773","No"
"0xb460398def4ebd141f2395ae49cc375de13750ef","1.76534984281821","No"
"0xb4a67f9bcb929c0a2b7131a388905cb0f4430bd6","4.57399353187913","No"
"0xb4aca4d18c3f3ad9bfddd0a0dc8f669d51798dea","0.0121539444723423","No"
"0xb4d3513e9c9af13326c1e967dafadd29103a2111","0.0294136087271635","No"
"0xb50ad554d88da4052fc9ec05113ce8fa452a2a1e","1.968098E-12","No"
"0xb54243cdd75f2b02d792f7766640235864935bf8","0.00426815939840349","No"
"0xb5a988197940845439808ccf3b90f633dd8d88c8","0.283352376107026","No"
"0xb5ab350d5ab2f671378f710301b486855c7ac475","2.34904607908095","No"
"0xb5fea7b7a107f10eda07a48c856ba04f18e329e6","6.1056619615E-08","No"
"0xb63ec2430af9609e6266b400e43e501dafb6c7c1","1.09965129204539","No"
"0xb64b3a84514793410f6fd3294afa27236ae0c65c","1.01655401112578","No"
"0xb6a5a7c22ac40f5c8650d5c9f4d950df535fc333","5.91459015E-10","No"
"0xb72dc0513e2b22123c601443e9ba1a7a0324862d","0.329479927295824","No"
"0xb7542d5bbb8203f5804897c11ac999b7ad6866bf","1.23975961891152","No"
"0xb7a5e607c135c541368414026a95253b75db430f","1.8557406756162E-05","No"
"0xb7ac551ab723846fa13d1d2b5ba10aaff65218d9","0.0296279991771434","No"
"0xb7e4aa4a4a1e5de5bb7e3be6192b3fb69e5647d5","0.277787269524467","No"
"0xb88c5dd3edb12885a9f00576a3bd32d551a34cd3","8.226524284E-09","No"
"0xb8a074c82271d41be941c29b509bb226f71231d9","1.585437289E-09","No"
"0xb93646a29f5f31915aaa5ce9bf4642d6c9189dd9","1.367093718E-09","No"
"0xb93b9a620773e9287b59bfd9c3ddcd169864f26d","1E-18","No"
"0xba4753cc5541d96c721643caa06dba6eff4ab4fe","1.24365049748E-07","No"
"0xbad19e37e23ebb8e91ad0b7bfdbc193f4010ba2e","6.607174636E-09","No"
"0xbadffcb79efe57e954fd79621b29b0c2dc170171","253.45731411291","No"
"0xbba5d7fd42b7a597dd17a6647ba7462d1f93cdb7","7.1249214249064","No"
"0xbc25bc3e6f4af35a98d461bb7cd62772b8be9d73","0.0378375714620793","No"
"0xbc2a27e5a5e7509b4bb0d49b899fc810ca99a564","0.00315487113579089","No"
"0xbd295c25c0827b669409c30dc1126f3b437892b8","8.69120089E-10","No"
"0xbd605c09cd233c21646133fee74f8ec0bc5c3250","0.000553793249426822","No"
"0xbd960e32f7304e86844f4618d14c448bfe4de87f","0.000109192933382417","No"
"0xbdd9cd248966000608537ef0a37753c182c4d331","0.0481250727016835","No"
"0xbe64cb0e97a136592f8f532dbca23482a6d6466e","1.56688590083377","No"
"0xbe7754053e0c1c09a13da22aaf97ed0882a61414","0.302490775102445","No"
"0xbef1fefe4bb6dda516e9af3a3f793d182cf053bc","8.563798815E-09","No"
"0xbf3888d50e0c2676cfa835bc9c2d1ffc5c334b5b","20.82","No"
"0xbf3ca44f6c28a9d3be4421b93f241a11bdcfcc38","2.64245931725391","No"
"0xbf99a7045bfdf0c35dd3552050aa68aa089ef7ff","0.194561974638107","No"
"0xbfbd0c5f45596d563a9401025957da540f4b3a10","0.00291006771999964","No"
"0xc004276b77cfaec4118de942e9884a4f3115c83f","5.4462209544896E-05","No"
"0xc08117deccd10db6eda30a5022d140a43725006a","23.5930278177573","No"
"0xc09f122e0437d0f5c708f068bfabf1f5bbca46e8","0.000881954739390402","No"
"0xc0a212749c2e73474e06adbb981a9b2b5ecd5115","0.094877224324312","No"
"0xc0f018ff1a1efdaae3962fefd56d236638a70a85","0.01","No"
"0xc0f2801aaf6726fa8b0c4feeb966e6fce2a7af95","3.60476946326435","No"
"0xc1469f31444bfd5c6f9c6baf3fecc7bf56c4a7db","0.0186191125039435","No"
"0xc1d1c7469b8940c807472cf80734b385b71cbc6e","0.2","No"
"0xc1d9b67963f89c7cc2415c06152a2d5c84ab5546","1.26979609379912","No"
"0xc1ed6c5bbd7fb3df464936eeb9c2967dd5a8c156","1.02123571011227","No"
"0xc202408c10c68850a0682d67db7450ad4db836b3","0.917119746213316","No"
"0xc347a4722db289d3fff1213b1972db4b6b555a39","186.238636274472","No"
"0xc39a2d36ed302906d77dd78906d41cd5bd9d4410","25.0480431317349","No"
"0xc3dcb909ee1da60122e62333b4c920c5fb182171","0.00706057273269884","No"
"0xc417e40fa2f1da0c275028f899408e89a7610318","1.60049922163874","No"
"0xc437bd422b07279dd87b567a1e5156fcc8e0521e","0.00313689332833327","No"
"0xc5779ad2236a21becdf674fd3be5e7a0fc4038d4","18.1753601864735","No"
"0xc58823dd7c75547e8f8cd482c6fb1820263c2283","0.258810651530378","No"
"0xc593a2f784a7aa0eb2e318d1462fd3c88c0ab57e","5.05465038851658","No"
"0xc62603ac0b515b713ec2e683dc67ea7d84291483","3.90312375599056","No"
"0xc630c36c595a8640200e35b7c872cb767d3634d4","0.25116493413826","No"
"0xc6404f24db2f573f07f3a60758765caad198c0c3","0.222694611834822","No"
"0xc71f5b491f1116a3f11ef94429e67b8c059eb909","5.972103635019E-06","No"
"0xc95c2a3ea622de864410ac10f6a7b086df8d9151","6.1952700474E-08","No"
"0xc98ae88031bbeed1be2147b05a13873f9a78e22c","1.45549251861386","No"
"0xc9bd8d37302bfa4cddb8afad3a03cd187f3f2318","2.64516112E-10","No"
"0xc9c17b24a3e97783c018ee20259502341ce09732","0.458134807182115","No"
"0xc9ffcad6b1fef676ef207b68947ac3f0b041a0e5","0.0470362749781982","No"
"0xca50dc4f51c39104bc40bb67fe86b9728c76e026","0.932657319792351","No"
"0xca8b4c33d6bb4b5ba68d8f4c4a29e20e29a80244","27.0259348678179","No"
"0xcb3574a24906a87ca6b18f57d0d5eb02fe26e63f","3.14558030346931","No"
"0xcb7fd3f6f3f64e4d62545a454ffe2a156a9f37be","1E-18","No"
"0xcc7df7774d52ac604ddcd844252900779fe9206e","1.03011223697789","No"
"0xccfa69ccfa5510cc2308a7dff272c01ca784874d","3.284763904E-09","No"
"0xcd2a438f74f43b293735d62b1ea1504646eb33dc","0.0187058593544722","No"
"0xce29b0de29881bf80bef4bebd825d330c6eeea76","0.216594258038922","No"
"0xcefcca169357a18eb8c3f230f92b58562e48cae5","206.024384816535","No"
"0xcf2cb95231618b492625323eb2d2add711afbcf6","9.405574E-12","No"
"0xcfc3975f50208d6914ee472e4a290f0d232b041f","6.34320783246E-07","No"
"0xd01a99b2db7d49e148c5478688277aaba8e71d74","8.8835696308238E-05","No"
"0xd084485883d12ffc6e2ac75a703e684a1076ba75","2","No"
"0xd0a644446795b04e83335e4360cf8d19f1b7bacf","40.7811037438147","No"
"0xd18c710d2b31064c3b7de5795ec788ec978653bc","0.173228391836398","No"
"0xd18f87010a044c2e151013f7a3e8fa7b83a405b6","4.331252392074E-06","No"
"0xd1b6453110f6876c7e298f94eeb2c76adb80fb91","1","No"
"0xd1ba709e2a437aa2b8cf719cfb8e2a812536c735","107.010736401109","No"
"0xd1f4cd50a4b870f20ea9c93a5b811822c124e66f","0.0817007397540389","No"
"0xd21c4926d3358f8559019eae7128910a9f5dc38a","0.0077236318129005","No"
"0xd28cbc28939b8cda5f2259fa52e09fe956c630eb","4.04072513E-09","No"
"0xd2a7b8a16ec6f734606ca79bdacf7b841304cd48","0.0323068336313408","No"
"0xd2a9e07cd7c46d92c796608dc9ac6267c205f693","0.0146595978055065","No"
"0xd3dde4c6c941d4c45fae24b4974732ab91b656c9","7.17144522E-10","No"
"0xd3fcbfc0cdc52cd63b4d172d5728fa6118d21086","7.6343215570604E-05","No"
"0xd408d86f9fb077599e2640d5b39cba966665a822","0.634997001664548","No"
"0xd4e317977878dc02a3f8bb3da03fd8f33091922f","61.2183249928297","No"
"0xd4f84cb84c024235263702de37982a0c0efb666e","5.32154297242009","No"
"0xd5110244abf49e5f11f6f56015ab5733b12f1485","0.0363303770388819","No"
"0xd54298ee13e5cdaac33a0b6ab2cfc86e3b8772f2","79.9105592054273","No"
"0xd572632adef3233af6428fe3b48ec81425cc99bf","5.05402314395149","No"
"0xd5871e3d8f3de196e9803ebf1022647bd3853396","2.140620681E-09","No"
"0xd58e9c5f4d413e8e2098840be64bd035b072bbc7","45.0730110228559","No"
"0xd66d8a251f40fd3afbbdfecf3d33a21306cb6073","0.179441283292017","No"
"0xd6c3ab79fb514b69bb5de2db10b3dd61d9f552ce","1E-18","No"
"0xd8e857ca6d25d5ff6c4d58f3ce6c085d1438a311","10.9765668380535","No"
"0xd91bba1e70b8fc9ed3d198fd46f365e4135fbc9f","0.091975108476205","No"
"0xd94317a313bf94163d1166c82e16abf78a7bea48","183.327709419638","No"
"0xd9c7021910cfaf7fe1e5dc49692e18331ffd870e","0.0107","No"
"0xda096ab6ea04a46dc79d1c5913a5e73ada6f40de","8.71637110703477","No"
"0xda9434e626dff1e4d07a8ca20ee856132894e775","2.5585046072609E-05","No"
"0xdad4faf02fbca5e645284c240ff4d5293937477b","0.5","No"
"0xdb716f46b8e89b0ffd2f1a09c1b1f072dad5bf0e","0.0811564015888275","No"
"0xdbfcf595105d2eb4737658254af81a5aba071142","97.0039304236525","No"
"0xdcbb0be2ef8afa6f78f27ce802e8c9c0cd10f6a0","1.12653992389082","No"
"0xdde9aef30339d2c5d02101e0a483e3d1891e1d69","1E-05","No"
"0xde03a9744d2030bd2236f4a03646a2be9a2e4775","0.023266878586717","No"
"0xde25a781618be277175191a5b68cc56293393eb5","10","No"
"0xde68bcec9ec11d4f5b1effc99fa4c96bf6d38162","18.7933559229487","No"
"0xdeb34f38ba2d81685a3744c6a728eaf5c8bd07de","4.693367684E-09","No"
"0xdf30789d14cc1af8b35261551d76bb54ecf3a697","3.07802598169826","No"
"0xdf5ff6fca71c3e902b358680d71073ad935168ec","0.00397699502492072","No"
"0xdf81ead97bb7518aa5903f74fd5d1331bc6bd025","3.324E-15","No"
"0xe0472185fc46e44170608313832cfbad14154c62","0.0286405697631706","No"
"0xe0599073d328c5a547ef94a5372cbbf13446db69","0.116440895622757","No"
"0xe10b56551fa262ee7de99efc488d88f2f6bf6624","1.576246472413E-06","No"
"0xe15e122cd8a86ecebaf306d958195d6ed7454b3c","0.591012848329925","No"
"0xe1b48635a85c8858f667c906f0073c7fe6068e71","1E-18","No"
"0xe22c86d319875a65c659a65667988441dec87faa","0.0005045661191258","No"
"0xe248d80073aeea0a20e4a75efa15f207c3821569","12.9459499042064","No"
"0xe2640943255cb001be5b8e4d208f5a3665384ede","0.000327673295968808","No"
"0xe2db0e5769ab14b174aa1d5d1d2f6eabeb19ed5c","0.9","No"
"0xe35138abea358a8c65363b6b1e798846d8f63a7b","0.00809264470072454","No"
"0xe39a7c5ef8ad8d0eace744839188b696625877e8","3.402739289E-09","No"
"0xe4deef6141cd4c9c49ab310965bfa2a5453eb4cd","0.00749744041844921","No"
"0xe52c0d02e523cbe52211d067d69cae128ba38bb1","0.0512182257974813","No"
"0xe5afa63383098dbf02d3a9785485c6f7eae253ef","6.456485189E-09","No"
"0xe5f4949c96ebdcf77409202a29a2807f46a1f482","1.5357339064558","No"
"0xe626b1191c617450fe5b8c952d813cb6f43bb1f4","2.27006258851776","No"
"0xe63f918a2cafb22a1e05803d97077300477b522c","0.761201324111419","No"
"0xe680283322ec7c222926e6e454d7ac55f14daec0","0.00664836462674447","No"
"0xe706046272756ef739c802f4500c7e7a6fb23ec3","0.86772174120751","No"
"0xe7544e1129226aaf166f9ae7bb241a711dd7076d","9.5607315864253E-05","No"
"0xe78c050ab24ddc50f1f3f55aaa2f54066e9f1821","0.347221","No"
"0xe7ee311d81da99f8ac0510ce36462381e44bed0a","0.542435879237351","No"
"0xe93e66b3e10d724bca317cf85607785ba3b9bc9a","0.00915478089120216","No"
"0xe9735f69516237969c55af3851cb05741a6e4437","31.9448627736362","No"
"0xe9d18328acca702c278ddda825c9a75ec4263743","6767.08341046544","No"
"0xeaa05d0511d16b9a9eeea7a70072cdbb6cd25431","0.0431711074874043","No"
"0xeade1a8613f8cf84e1d44b6dff5e6024474b7a51","0.0131729278374415","No"
"0xeb100fe9f9287ca199a72f0b3325b548d62f06fb","0.000194659752336845","No"
"0xeb44358e28108708b1a539b37004b00755d8d4de","4.6025909859251E-05","No"
"0xeb77aa251ce9bf92dbbb10a842d780029ea53e53","1.0119E-14","No"
"0xebb702eff8989411e5db44cc2045fb1674c5d3de","0.00375954714569759","No"
"0xec4075d86cd462b9144120045fc485ab0178e9b3","5.06982347076028","No"
"0xecd8628b63388c248c8644c606beb3f92e420514","0.970754195746452","No"
"0xed188ce6c424c91ad776a7ec6374e80cdf88cfa4","24.3395567784638","No"
"0xede41510cb9e5725ffe160973f9d73397ad2a293","0.254648631875698","No"
"0xede6c8ea1c1682581aa36fdf21ededd92f2e7c39","20","No"
"0xeebe2c7971c6131281a6a0817cb98a92040122b8","4.08065785525674","No"
"0xef2e55e730446b6353be7afa4ba03854b1394b01","0.00031169937667524","No"
"0xef5c54548a854895d561224c1ee50b9d2e10d2e9","0.1","No"
"0xefc5c4b68d0150e6412e036d8997be77f3bae3dc","0.000405805208469087","No"
"0xeffdb9141b8fafbe36235abbc903c6d1b924bbce","0.223129765495043","No"
"0xf01b07d184ed14f5ac62ff910294bb6dfe71e92a","33.0177260280252","No"
"0xf056f807a1aa9482b4fdcaee30f47095e929a29e","229.043535599433","No"
"0xf09026225aa59d8ab89ec4e06aa1d6dcbe5eb1cf","4.6952960233427","No"
"0xf0ea58b65c82c48ce69f0abd68d178e7764c4ba2","135.962339754956","No"
"0xf0f9cfd499db41e737bea8e5095f009475e729b5","0.0910156873240228","No"
"0xf154a3b2d195d99c17fe095e9a0815d796dd49cf","2.04482423024718","No"
"0xf22f788348cb0f4ccde4144dc9f5f5c63251c71c","0.682311348413869","No"
"0xf2beaa61504bc385fe4f7f29b673d357123b7ad1","2.32461360624136","No"
"0xf318332cc652b6de623714d614449202cf1afc05","4.00041604524314","No"
"0xf32f215b5a0679ec61baecad182a388751866071","0.0100852794671055","No"
"0xf37b9da6947c0ac22b6a71e6a9c28bdcc17bffa8","0.158429252331725","No"
"0xf3b7d9deb80002715907b5a82409fe5bdc3ca269","0.00572755024172524","No"
"0xf3e15a5eb0837640a7ef24c9bc077a1700d82559","190.939862468063","No"
"0xf3f42148a2e744ef5e30e6c134f5399aff957c44","0.0345699562918498","No"
"0xf3fe015f87390300b380a5e50343734066232520","0.300638793140835","No"
"0xf4484efb942029b1535eb55d3858145bd6c2a2bc","102.226582291245","No"
"0xf4db114ad6f5cbb1679567a56d01bc6acb56e44e","9.20229517631235","No"
"0xf5073a1f5e53b24ed26fad6dd05f7e5e73032a87","4.496068311E-09","No"
"0xf53212b921c1ebdd8a2e8cc2b426c6c67f0f44ee","0.0218236366264089","No"
"0xf54585aed281cf67ed4b1ffd8366be76c5b2822f","0.0422028155929089","No"
"0xf55964d0f3836457a3ac1e0c880b2dff85f798e3","0.0308823075924361","No"
"0xf5f21f12a6a8160b8d3fa20a1795cb36015c7e8c","0.0830202311836312","No"
"0xf78ad17d3edb046eb6149d8ba2cbab110f8a2a77","0.000660196535972251","No"
"0xf7b0ac4f6c868352d1468a3a9456bd6643d95e00","8.9255197112384E-05","No"
"0xf7e3dc977963800d27a32b89e54c35e57753e0c6","0.0235548133241634","No"
"0xf80c60a59b8b07595f639c94c27375ed5d8ad630","1.30162398428408","No"
"0xf84750ae307d6692daf2c9819dc8b2016f2889a3","2.72052982610804","No"
"0xf8c780e36c6d90b3b5abf7a137dd62d071ffda1c","0.0823749498088922","No"
"0xfa2a8af382188bb98818c7152cf5f81c9d97f54d","2.10765643442251","No"
"0xfaefcb66eaadaa24b98de173fbecdef03e6b6bdc","17.2171567596335","No"
"0xfb5cabe72399abadcdb4ccf2df06d64a2e61ecd5","5.50941133595866","No"
"0xfb9b06e25c21bcedc710556a15f5eeb0dc3e9379","0.000512271449726574","No"
"0xfbfad135852318e6aa55acc4f575c10f8271212c","0.136117989514758","No"
"0xfc2409d354aecf18b179153eb76e00efb64c25ad","100","No"
"0xfc68ae9d3380e7ea1089e65d99696040fee429ed","7.114476964E-09","No"
"0xfcf2ab6e184f1f0ac3ebdd4926d46d7d43d797bd","0.225920532819374","No"
"0xfdf8c42ad6f1875aeeb9de0ef68cb8a41e3ecf7e","0.212102078198136","No"
"0xfe17d4c2e6e99cf9b2f3827ba3f2df9954966fec","2","No"
"0xfe475474a216e566419189af80bf8d3e84191b3a","0.007","No"
"0xfe5e219c8a1c3350896d101b72c8dbcf154dfa4f","2.561053467E-09","No"
"0xfeb735d936f414670c368dfae18c9110a288f372","43.0042646126776","No"
"0xfec841764f37e49f944b0801feb7ee3ebb338eff","3.13130993369551","No"
"0xff4d001c5fce2aa843386b5c0a7017dca3866cd6","2.49029590847316","No"
